frame_index,x1,y1,x2,y2
24,288,44,319,71
25,288,43,319,71
26,288,43,319,71
27,287,45,319,71
28,287,44,319,71
32,0,55,21,99
33,287,44,319,72
33,0,51,24,99
34,286,43,311,72
34,0,44,27,99
35,0,39,29,99
35,286,44,319,72
36,0,32,32,133
36,285,44,311,74
37,0,29,35,121
37,285,44,311,75
38,0,26,38,121
38,284,43,311,73
39,0,5,41,133
39,284,43,311,73
39,0,134,19,186
40,0,3,44,134
40,283,43,311,73
40,0,135,21,187
41,282,43,311,73
42,0,2,50,133
42,282,43,311,73
42,0,134,24,186
43,0,2,53,130
43,282,42,311,73
43,0,134,30,188
44,0,2,56,188
44,281,41,311,75
45,0,2,59,189
45,281,41,311,74
46,0,1,62,189
46,281,41,311,74
47,0,1,66,189
47,281,41,311,75
48,0,0,69,189
48,280,42,311,74
48,47,125,72,154
49,0,0,73,189
49,280,42,311,75
50,0,0,76,178
50,279,42,311,75
51,0,0,80,189
51,279,43,311,75
52,1,0,83,189
52,279,43,311,74
53,3,0,87,180
53,278,43,311,75
54,6,0,90,190
54,277,43,311,75
55,9,0,94,190
55,277,43,311,75
56,14,0,98,180
56,277,42,311,75
57,17,0,101,179
57,277,42,311,75
58,20,0,105,191
58,276,42,311,75
59,25,0,109,180
59,276,41,311,75
60,28,0,113,180
60,275,41,311,75
61,32,0,116,180
61,275,41,311,75
62,35,0,120,181
62,275,41,311,75
63,39,0,120,184
63,275,41,311,75
64,43,0,129,182
64,275,42,311,75
65,46,0,129,184
65,275,42,311,75
66,50,0,133,182
66,275,42,311,75
67,53,0,141,185
67,275,43,311,75
67,0,115,18,166
68,58,0,145,185
68,274,43,311,75
68,0,72,21,109
68,0,116,20,166
69,61,0,148,185
69,274,43,310,76
70,64,0,152,178
70,274,43,310,76
70,0,60,27,166
71,69,7,157,177
71,274,43,310,76
71,0,52,29,165
72,73,6,161,177
72,274,43,310,76
72,0,45,32,165
73,77,2,181,177
73,0,41,35,165
73,274,43,310,75
74,80,5,186,177
74,0,23,38,165
74,274,42,310,75
75,83,0,173,177
75,0,22,43,165
75,273,42,310,75
76,88,0,193,177
76,0,21,44,166
76,273,42,310,76
77,92,0,199,178
77,0,21,47,167
77,273,42,310,76
78,95,7,203,178
78,0,20,51,165
78,273,42,310,76
79,99,8,208,178
79,0,20,54,165
79,273,42,310,76
80,102,7,212,178
80,0,20,57,166
80,273,42,310,76
81,106,7,202,178
81,0,19,72,167
81,273,42,309,76
82,111,4,205,178
82,0,19,73,171
82,273,43,309,76
83,115,3,210,178
83,0,19,73,169
83,273,43,309,76
83,180,126,211,169
84,119,3,213,178
84,0,18,73,169
84,273,37,309,76
85,121,7,217,179
85,0,19,74,170
85,273,37,309,76
86,126,6,223,179
86,0,19,76,169
86,273,37,309,76
87,124,5,226,179
87,1,19,79,170
87,273,37,309,76
88,132,0,229,179
88,3,18,81,170
88,273,37,309,76
89,138,0,234,190
89,7,18,84,170
89,273,37,310,76
90,141,0,238,180
90,10,18,87,170
90,273,40,310,76
91,144,0,241,190
91,13,17,91,170
91,273,42,310,76
92,148,0,244,190
92,16,16,94,159
92,273,41,310,76
93,152,0,247,190
93,19,31,97,159
93,273,42,310,76
94,154,0,250,190
94,21,31,100,160
94,273,42,309,76
95,158,0,253,191
95,24,31,103,170
95,273,42,310,76
96,161,0,256,190
96,27,31,106,170
96,273,43,309,76
97,165,0,258,192
97,30,17,110,170
97,273,43,309,76
98,168,0,250,191
98,34,16,113,170
98,273,43,309,76
99,171,0,254,191
99,36,16,116,170
99,273,42,309,76
100,174,0,265,191
100,40,16,118,164
100,273,43,309,76
101,178,0,268,192
101,42,16,122,170
101,273,36,309,76
102,180,0,271,135
102,46,15,125,170
102,273,36,309,76
102,204,137,239,191
103,183,0,273,179
103,47,15,128,171
103,273,36,310,76
104,186,0,310,181
104,50,15,132,171
105,187,0,310,183
105,54,15,135,180
106,190,0,310,186
106,58,29,144,180
107,192,0,310,189
107,60,31,145,180
108,194,0,310,191
108,64,32,150,180
109,198,0,309,193
109,67,32,147,171
110,198,0,309,195
110,70,31,150,181
111,199,0,309,197
111,73,24,154,181
112,199,0,309,199
112,76,31,157,181
113,204,0,309,200
113,79,19,160,182
114,207,0,310,201
114,83,21,163,182
115,209,0,310,202
115,86,21,166,182
116,210,0,310,190
116,88,16,169,183
117,212,0,310,203
117,91,15,173,183
118,213,0,310,191
118,94,15,176,183
119,215,0,310,192
119,98,15,184,184
120,217,0,311,199
120,101,15,183,184
121,218,0,311,200
121,105,23,186,184
122,219,0,311,200
122,108,21,189,184
123,220,0,311,200
123,110,17,192,185
124,221,0,311,199
124,113,13,196,185
125,221,0,311,198
125,117,17,199,185
126,222,0,311,199
126,120,13,203,185
127,222,0,311,199
127,123,16,206,185
128,223,0,311,202
128,126,15,210,185
129,223,0,310,203
129,130,13,213,186
130,223,0,310,202
130,132,12,216,186
131,224,0,311,198
131,136,12,220,186
132,224,0,311,201
132,139,12,224,186
133,225,0,311,203
133,142,12,227,186
134,146,0,311,205
135,149,0,311,208
136,152,0,311,225
137,156,0,311,229
138,159,0,311,230
139,162,0,310,232
140,165,0,310,214
141,169,0,311,214
142,171,0,312,213
143,175,0,313,212
144,178,0,313,211
145,181,0,314,209
146,185,0,315,212
147,188,0,315,213
148,191,0,316,204
148,210,131,244,163
149,195,0,317,201
150,198,0,317,213
151,201,0,318,206
152,204,0,319,210
153,208,0,319,213
154,211,0,319,216
155,214,0,319,218
156,218,0,319,220
157,220,0,319,222
158,224,0,319,209
159,227,0,319,210
160,231,0,319,210
161,234,0,319,209
162,235,0,319,223
163,236,0,319,224
164,236,0,319,223
165,238,0,319,216
166,239,0,319,216
167,240,0,319,217
168,241,0,319,207
169,242,0,319,219
170,243,0,319,219
171,246,0,319,221
172,247,0,319,231
173,248,0,319,234
174,250,0,319,232
175,251,0,319,239
176,252,0,319,236
177,254,0,319,237
178,256,0,319,239
179,259,0,319,237
180,260,0,319,239
189,0,105,31,145
190,0,106,31,145
191,0,106,30,145
192,0,106,31,145
193,0,106,30,145
194,0,106,31,145
195,0,105,31,145
196,280,0,319,121
196,0,106,31,145
197,281,0,319,122
197,0,105,31,145
198,282,0,319,122
198,0,105,31,145
199,284,0,319,122
199,0,105,32,145
200,285,0,319,120
200,0,105,32,146
201,288,0,319,112
201,0,105,31,146
202,289,0,319,105
202,0,105,31,146
203,292,0,319,102
203,0,105,32,146
204,294,0,319,103
204,0,105,32,146
205,0,105,32,146
206,0,105,32,146
207,0,105,32,146
208,0,105,33,146
209,0,105,32,146
210,0,105,33,146
211,0,105,33,146
212,0,105,32,146
213,0,105,33,146
214,0,105,33,146
215,304,54,319,111
215,0,105,33,146
216,304,54,319,110
216,0,105,33,146
217,305,56,319,110
217,0,105,33,146
218,306,57,319,109
218,0,105,27,145
219,0,105,27,146
220,0,105,27,146
221,0,110,34,146
222,0,111,34,146
223,0,111,34,146
224,0,96,34,146
225,0,92,34,147
226,0,88,34,146
226,286,207,319,233
227,0,84,34,146
227,286,207,319,234
228,0,81,34,147
228,279,206,319,235
229,0,78,34,147
229,290,207,319,235
230,0,73,34,147
230,290,207,319,235
231,0,64,34,147
231,290,207,319,235
232,0,60,34,147
233,0,59,34,147
234,0,58,34,148
239,0,31,34,149
240,0,31,34,148
241,0,32,34,149
241,0,150,28,178
244,0,34,38,179
245,0,34,40,179
246,0,35,40,180
247,0,34,40,180
248,0,34,41,180
249,0,33,43,180
250,0,33,44,179
251,0,32,46,179
252,0,31,50,178
253,0,32,55,178
253,181,202,212,225
254,0,30,59,176
255,0,32,62,174
256,0,31,66,179
257,0,33,69,179
258,0,33,71,178
259,0,33,73,180
260,0,37,75,180
261,0,38,77,180
262,0,38,79,181
262,188,200,223,227
263,0,37,80,180
263,177,201,218,226
264,0,37,80,179
264,187,200,218,227
265,0,37,80,181
265,187,200,217,227
266,0,36,80,180
266,187,200,217,227
267,0,35,79,180
267,187,200,222,227
268,0,34,78,180
269,0,34,77,180
269,177,201,223,227
270,29,33,79,179
270,0,104,35,149
270,175,200,223,227
271,30,34,81,181
271,0,104,35,149
271,175,200,223,227
272,33,35,83,181
272,0,104,35,149
273,35,35,88,179
273,0,104,35,149
273,177,200,224,227
274,36,36,92,180
274,0,104,35,149
274,177,200,222,227
275,39,36,94,180
275,0,104,35,149
276,41,35,95,179
276,0,104,35,149
277,40,30,96,180
277,0,104,35,149
278,41,30,96,180
278,0,104,35,149
279,43,29,97,180
279,0,104,35,149
280,46,28,98,181
280,0,104,35,149
281,47,27,99,181
281,0,104,35,149
282,50,26,103,180
282,0,104,35,149
283,55,25,108,181
283,0,104,35,149
284,58,24,112,181
284,0,104,35,149
285,59,24,116,176
285,0,104,35,149
286,61,24,120,177
286,0,104,35,149
287,61,26,124,180
287,0,104,35,149
287,186,200,230,228
288,63,33,127,181
288,0,104,35,149
288,186,200,228,227
289,66,35,130,181
289,0,104,35,149
290,67,37,132,184
290,0,104,35,149
290,261,201,319,239
291,69,37,135,181
291,0,104,35,149
291,261,201,319,239
292,72,38,137,181
292,0,104,35,150
292,262,202,319,239
293,74,38,138,181
293,0,104,35,149
293,262,202,319,239
294,76,38,138,182
294,0,104,35,149
294,262,202,319,239
295,79,37,140,182
295,0,104,35,149
295,262,202,319,239
296,82,37,140,182
296,0,104,35,150
296,273,202,319,239
297,84,49,140,182
297,0,104,36,150
297,273,202,319,239
298,86,48,140,182
298,0,104,36,150
298,273,202,319,239
299,87,48,138,180
299,0,104,36,150
299,273,202,319,239
300,90,47,138,181
300,0,103,36,150
300,273,202,319,239
301,91,49,142,181
301,0,103,36,150
301,273,202,313,238
302,92,49,145,181
302,0,103,36,150
302,273,202,312,238
303,94,50,147,180
303,0,104,36,149
303,273,202,312,238
304,98,54,153,181
304,0,104,36,150
304,273,202,312,238
305,100,32,158,181
305,0,103,36,150
305,190,201,229,228
305,274,202,312,238
306,101,31,160,180
306,0,103,36,150
306,190,200,230,228
306,274,202,312,238
307,101,31,161,181
307,0,103,36,150
307,191,200,231,228
307,274,202,312,238
308,101,32,161,181
308,0,103,36,150
308,190,200,230,228
308,274,202,312,238
309,103,35,162,180
309,0,103,36,150
309,190,200,231,228
309,274,202,312,238
310,104,36,164,181
310,0,104,36,150
310,190,200,230,228
310,274,202,312,238
311,108,41,164,182
311,0,104,36,150
311,191,200,231,228
311,274,202,312,237
312,112,39,164,182
312,0,103,36,150
312,191,200,231,228
312,274,202,312,237
313,118,25,166,181
313,0,103,36,150
313,91,187,120,211
313,191,200,231,228
313,276,202,312,238
314,121,24,169,181
314,0,103,36,150
314,191,200,231,228
314,276,202,312,237
315,122,23,177,181
315,0,104,36,150
315,91,187,120,211
315,191,200,231,228
315,276,202,312,237
316,123,23,176,178
316,0,106,36,150
316,91,187,121,210
316,191,200,231,228
316,276,202,312,237
317,127,23,181,180
317,0,106,36,150
317,91,187,121,210
317,192,200,231,228
318,128,24,192,181
318,0,106,36,150
318,192,200,231,228
319,129,25,196,180
319,0,106,36,150
319,89,187,119,211
319,192,200,230,228
320,134,26,203,181
320,0,106,36,150
320,192,200,231,228
321,136,26,203,180
321,0,106,36,150
321,90,187,121,211
321,195,200,231,227
322,137,28,203,182
322,0,106,36,150
322,91,187,121,211
322,195,200,231,227
323,140,28,206,183
323,0,106,36,150
323,89,187,121,211
323,195,200,231,227
324,140,30,208,184
324,0,106,36,150
324,90,187,123,211
324,195,200,231,228
325,142,29,209,184
325,0,106,36,150
325,90,187,119,211
325,195,200,230,228
326,147,28,209,184
326,0,106,36,150
326,89,187,123,211
326,195,201,230,228
327,148,29,209,185
327,0,106,36,150
327,90,187,123,211
327,195,201,229,228
328,152,29,209,184
328,0,106,36,150
328,90,187,122,211
328,195,201,229,227
329,152,27,208,184
329,0,106,36,150
329,90,187,123,211
329,195,201,229,227
330,155,28,209,184
330,0,106,36,150
330,91,187,123,211
330,196,201,229,227
331,158,26,209,185
331,0,108,36,150
331,82,187,123,211
331,196,201,229,228
332,160,27,212,184
332,0,108,26,150
332,92,187,123,211
333,162,29,214,185
333,0,108,26,150
333,92,187,124,211
334,164,29,219,185
334,0,114,23,150
334,82,187,123,211
334,196,201,229,228
335,166,31,223,184
335,0,114,23,150
335,89,187,124,211
336,167,31,227,184
336,0,114,21,150
336,89,187,123,211
337,168,30,228,184
337,0,114,23,150
337,82,187,123,211
338,169,32,230,186
338,0,114,23,150
338,82,187,123,211
339,168,31,230,186
339,0,114,21,150
339,95,187,124,211
340,172,30,230,187
340,0,114,21,150
340,82,187,124,211
341,173,29,231,186
341,0,114,23,150
341,82,187,124,211
342,179,30,234,186
342,0,114,23,150
343,183,30,239,186
343,0,114,23,150
344,186,29,244,186
344,0,114,23,150
344,86,187,123,211
345,187,28,245,186
345,0,114,23,150
345,83,187,123,211
346,189,29,247,184
346,0,115,22,150
346,88,187,124,211
347,192,21,240,184
347,83,187,123,211
348,193,20,242,186
348,88,187,124,211
349,198,21,246,187
350,187,22,253,186
351,187,23,257,186
351,87,187,123,211
352,187,23,259,187
353,207,24,260,189
354,207,24,261,189
354,83,187,125,211
355,210,23,261,190
355,83,187,124,211
356,213,22,262,189
357,218,21,262,94
357,218,93,264,190
358,230,20,264,65
358,220,67,268,189
359,223,19,271,189
360,230,18,274,190
360,83,187,124,211
361,238,18,270,64
361,227,65,277,190
362,239,20,272,63
362,230,64,281,190
363,241,26,275,67
363,235,64,285,189
364,235,26,289,189
364,86,188,123,211
365,236,26,294,189
366,236,27,299,189
367,236,25,301,188
368,239,25,303,189
368,85,188,125,211
369,239,25,303,190
370,239,23,304,190
371,241,24,305,190
372,246,24,306,190
373,251,23,309,190
374,258,22,314,190
375,262,21,319,190
376,264,22,319,188
377,267,22,319,186
378,270,21,319,190
379,272,21,319,190
380,274,20,319,190
381,276,21,319,190
465,267,210,319,239
467,266,209,319,239
468,190,200,226,226
468,264,207,319,239
469,190,202,223,226
470,190,202,223,226
471,190,202,224,227
472,185,202,224,228
473,185,202,224,227
474,185,201,225,227
475,185,200,227,228
476,185,200,227,228
477,23,194,49,223
477,188,200,227,228
478,23,194,49,223
478,183,200,227,228
479,22,194,51,223
479,183,199,231,228
480,22,194,51,223
480,183,200,228,228
481,22,194,50,223
481,183,200,228,228
482,188,199,231,228
483,23,194,51,223
483,184,199,232,228
484,21,194,51,223
484,183,199,231,229
485,21,194,51,223
485,183,199,231,229
486,81,189,126,225
486,21,194,51,223
486,183,199,231,229
487,23,194,51,223
487,184,199,231,228
488,77,188,127,225
488,22,194,51,223
488,183,199,231,228
489,81,188,129,225
489,23,194,50,223
490,77,188,127,225
490,23,194,50,223
491,77,188,127,225
491,22,194,51,223
491,183,199,231,228
492,77,188,127,225
492,22,194,50,223
492,184,199,232,228
493,77,187,129,225
493,21,194,51,223
493,182,199,232,229
494,77,187,129,225
494,0,194,52,223
494,183,199,232,229
495,77,188,127,225
495,15,194,51,224
495,184,199,231,228
496,63,187,129,226
496,23,194,51,223
496,183,199,232,228
497,62,188,129,226
497,0,194,51,223
497,182,199,232,229
498,62,187,129,226
498,0,194,51,224
498,183,199,233,228
499,62,187,129,226
499,0,194,51,223
499,183,199,232,229
500,59,187,129,226
500,0,194,52,224
501,59,187,129,226
501,0,194,53,224
502,60,187,129,226
502,0,194,50,224
503,59,187,129,226
503,0,194,51,224
504,59,187,129,226
504,0,194,51,224
504,183,199,233,229
505,59,187,129,226
505,0,194,53,224
506,0,194,52,224
506,180,199,233,229
507,59,187,129,226
507,0,194,53,224
508,0,194,53,224
509,0,193,53,224
510,0,194,53,224
511,0,194,53,224
512,0,194,52,224
513,58,186,129,226
513,0,193,53,224
514,59,187,129,226
515,59,187,129,226
515,0,193,53,224
516,59,187,129,226
516,0,194,53,224
517,59,187,129,226
517,0,193,53,224
518,0,193,53,224
519,59,187,129,226
519,0,193,53,224
520,0,193,53,224
520,180,199,234,230
521,0,193,53,224
521,180,199,234,230
522,58,186,129,226
522,0,193,53,224
523,58,186,129,226
523,0,193,53,224
524,58,186,129,226
524,0,193,53,224
525,58,186,129,226
526,0,193,53,224
527,15,194,56,224
528,58,186,129,226
528,15,196,53,224
529,15,196,56,224
530,15,196,57,224
531,58,186,129,226
531,15,196,56,224
532,58,186,129,226
532,15,196,57,224
533,15,196,57,224
534,58,186,129,226
534,15,196,56,223
535,15,197,54,223
536,15,197,54,223
537,58,186,129,226
537,15,197,56,223
538,58,186,129,226
538,15,197,57,223
539,58,186,129,226
539,15,197,56,223
540,58,186,129,226
540,15,197,57,223
541,58,186,129,226
541,15,197,52,223
542,58,186,129,226
542,15,197,52,223
543,15,198,52,223
544,58,187,128,226
544,15,198,52,223
545,58,186,128,226
545,15,198,52,223
546,58,186,128,226
546,15,198,52,223
547,15,198,52,223
548,15,198,52,223
549,57,186,128,226
549,15,198,48,223
550,57,186,128,226
550,15,198,48,223
551,58,186,128,226
551,15,198,48,223
552,57,186,128,226
552,15,198,48,223
553,15,190,58,223
555,15,190,58,223
556,15,190,58,223
557,57,187,126,227
557,17,190,57,223
558,57,187,126,227
558,17,190,57,223
573,57,187,124,226
573,19,190,55,223
574,56,187,124,227
576,56,187,124,227
578,56,188,120,227
579,56,188,120,227
585,0,219,32,239
586,142,204,179,239
586,0,219,32,239
587,62,188,105,227
587,114,199,149,223
587,142,204,179,239
588,40,187,105,226
588,114,196,150,223
588,141,204,179,239
588,0,219,32,239
589,41,189,107,226
589,117,196,149,223
589,0,219,32,239
590,41,189,107,226
590,117,196,149,223
590,0,219,32,239
591,41,189,107,226
591,117,197,149,223
591,0,219,32,239
592,60,189,107,217
592,274,199,319,227
592,0,219,32,239
593,274,199,319,226
593,0,220,32,239
594,275,199,319,226
594,0,220,33,239
595,275,199,319,226
595,0,219,33,239
596,275,199,319,226
596,0,220,33,239
597,267,199,300,223
597,0,219,33,239
598,0,219,33,239
599,193,197,260,239
599,267,198,303,223
599,141,219,174,239
599,0,220,33,239
600,0,219,33,239
601,267,199,303,223
601,0,219,33,239
602,267,198,309,224
602,0,219,33,239
603,267,198,310,224
603,134,219,166,239
604,267,198,304,223
605,267,198,304,223
606,267,198,304,223
606,134,219,166,239
607,267,198,304,223
607,134,219,165,239
608,267,198,304,223
608,134,219,164,239
609,267,198,303,223
610,39,195,80,227
610,267,197,310,224
611,275,197,310,224
611,24,204,63,239
612,276,197,310,224
613,276,198,310,225
613,25,204,62,239
613,134,219,167,239
614,271,198,310,224
614,135,219,167,239
615,270,198,310,224
615,135,219,167,239
616,273,197,310,225
616,135,219,167,239
617,274,197,310,225
618,274,198,319,225
619,274,198,319,225
620,275,198,310,225
620,39,202,72,227
621,275,198,319,225
622,275,197,319,225
622,39,202,72,227
623,275,197,319,225
624,276,198,319,225
625,276,197,319,225
625,36,203,75,227
626,276,197,319,225
627,276,197,319,225
627,35,203,74,227
628,276,197,319,225
628,36,203,75,227
629,276,197,319,225
629,36,203,75,227
630,277,197,319,225
631,37,203,74,227
632,38,195,79,227
633,37,195,80,227
634,37,195,80,227
635,37,195,80,227
636,36,195,80,227
637,37,195,80,227
638,36,195,79,227
639,36,195,83,227
639,282,196,319,224
640,282,196,319,224
641,34,195,80,227
641,282,196,319,224
642,35,195,80,227
642,282,196,319,224
643,35,195,83,227
643,282,196,319,224
644,35,195,83,227
644,282,196,319,224
645,35,195,83,227
645,282,197,319,224
646,35,194,84,227
646,282,197,319,224
647,35,194,83,227
647,282,196,319,224
648,282,196,319,224
649,282,196,319,224
650,144,194,213,239
650,282,196,319,224
651,178,194,207,218
651,282,196,319,224
652,135,194,216,239
652,282,196,319,224
652,5,199,34,223
653,146,194,216,239
653,282,196,319,224
654,146,194,216,239
654,282,196,319,224
655,178,194,207,218
655,282,196,319,224
656,282,196,319,224
657,282,196,319,224
658,146,194,213,239
658,282,196,319,224
659,178,194,207,218
659,282,196,319,223
660,178,194,207,218
660,282,196,319,223
661,282,196,319,223
662,35,193,80,227
662,144,194,213,239
662,282,196,319,224
663,282,196,319,224
664,143,194,213,239
664,282,197,319,224
665,142,194,213,239
666,143,194,213,239
667,143,194,214,239
668,33,192,87,228
668,88,192,137,220
671,151,194,215,239
672,151,194,215,239
673,34,193,89,226
673,90,194,123,219
673,152,194,215,239
674,34,193,89,226
674,90,194,123,219
674,152,194,212,239
675,34,193,89,226
675,152,194,215,239
675,94,195,123,219
676,152,194,215,239
676,94,195,123,219
677,94,194,123,219
677,152,194,215,239
678,152,194,214,239
679,34,193,89,224
679,152,194,214,239
679,94,195,123,219
680,151,194,212,239
680,94,195,123,219
681,34,193,89,224
681,151,194,212,239
681,94,195,123,219
682,150,194,212,239
683,35,193,89,224
684,35,195,78,224
685,35,195,78,224
686,35,195,78,224
687,35,198,72,223
688,84,194,123,219
688,35,195,78,223
689,84,194,123,219
689,35,195,78,223
690,35,197,72,223
691,34,198,72,223
692,34,198,71,222
694,84,194,123,219
1368,294,39,319,143
1371,282,29,319,141
1371,292,168,319,196
1372,278,34,319,116
1372,285,166,318,195
1373,274,36,319,116
1373,280,120,319,195
1374,271,37,319,117
1374,277,122,319,195
1375,268,29,319,196
1376,266,26,319,197
1377,264,37,319,195
1378,262,38,319,195
1379,260,38,319,195
1380,259,33,319,195
1381,258,30,319,195
1382,257,34,319,194
1383,255,36,319,196
1384,254,37,314,198
1385,248,26,312,197
1386,239,25,310,196
1387,234,35,309,194
1388,232,40,307,194
1389,231,41,307,195
1390,231,42,306,197
1391,231,43,304,198
1392,231,27,300,198
1393,230,25,289,199
1394,231,23,289,198
1395,226,21,285,199
1396,221,20,283,199
1397,216,20,280,199
1398,211,19,279,199
1399,206,19,279,199
1400,203,19,279,199
1401,203,20,277,199
1402,200,21,275,199
1403,197,23,272,199
1404,195,25,269,197
1405,193,25,266,194
1406,192,25,261,195
1407,191,25,259,196
1408,189,43,258,196
1409,189,43,255,196
1410,188,33,253,191
1411,188,38,250,187
1412,187,38,248,190
1413,186,39,244,192
1414,184,41,243,193
1415,176,43,241,191
1416,171,43,239,190
1417,169,40,237,190
1418,168,41,236,189
1419,169,40,235,191
1420,168,41,233,192
1421,168,43,231,193
1422,168,44,230,194
1423,167,43,228,194
1424,163,43,226,194
1425,159,43,223,194
1426,157,42,221,194
1427,153,41,218,194
1428,150,41,214,194
1429,143,42,210,194
1430,143,42,209,194
1431,138,30,208,193
1432,135,28,207,192
1433,134,29,204,191
1434,133,29,202,190
1435,131,29,199,190
1436,132,29,198,191
1437,132,29,197,191
1438,131,28,192,167
1439,130,28,191,191
1440,130,27,189,168
1441,130,27,189,180
1442,130,27,187,184
1443,129,27,186,187
1444,129,28,186,188
1445,124,28,185,187
1446,121,29,183,186
1447,120,30,182,185
1448,120,31,181,186
1449,120,32,181,186
1450,120,32,176,187
1451,120,47,173,188
1452,118,45,171,188
1453,116,45,169,188
1454,113,45,171,188
1455,110,44,168,188
1456,106,44,167,188
1457,103,44,165,188
1458,100,32,162,163
1459,97,31,159,188
1460,96,31,157,188
1461,93,32,155,187
1462,91,34,156,153
1462,111,156,149,186
1463,89,35,155,138
1463,109,143,148,186
1464,88,34,151,140
1464,108,142,148,184
1465,87,34,146,141
1465,107,142,148,185
1466,86,34,145,186
1467,85,34,143,155
1468,84,34,141,158
1469,84,33,140,159
1470,85,45,141,165
1470,273,49,303,76
1471,85,45,140,165
1471,277,48,306,74
1472,84,32,140,160
1473,84,44,140,181
1473,278,48,307,74
1474,83,45,139,162
1475,83,46,139,180
1476,81,46,138,177
1476,280,48,309,74
1477,81,47,137,166
1478,80,48,135,181
1479,78,47,134,181
1480,78,48,132,166
1481,75,47,131,183
1482,74,47,130,166
1483,72,46,129,166
1484,68,44,128,166
1485,66,42,126,165
1486,62,42,124,164
1487,60,27,121,164
1488,58,27,117,181
1489,54,27,115,164
1490,52,28,113,181
1491,50,28,112,181
1492,49,29,109,181
1493,47,30,108,174
1494,45,30,107,166
1495,44,31,105,168
1496,43,31,104,172
1497,42,31,103,166
1498,41,30,101,159
1499,40,30,100,161
1500,40,46,99,162
1501,40,46,98,163
1502,40,47,97,163
1503,40,46,95,163
1504,40,47,94,168
1505,39,48,92,162
1506,39,48,90,163
1507,33,49,88,175
1508,34,49,87,177
1509,34,50,86,164
1510,32,50,86,165
1511,30,50,85,164
1512,28,50,84,163
1513,27,50,82,163
1514,23,49,80,163
1515,19,48,73,168
1516,17,48,68,162
1517,14,48,79,161
1518,12,48,67,161
1519,9,48,66,162
1520,7,49,67,175
1521,4,49,66,173
1522,3,50,64,174
1523,1,50,62,164
1524,0,50,60,173
1525,0,50,57,165
1526,0,50,54,165
1527,0,49,52,165
1528,0,49,52,159
1529,0,48,50,160
1530,0,46,49,162
1531,0,47,47,161
1532,0,34,47,161
1533,0,34,47,160
1534,0,35,46,160
1535,0,36,46,160
1536,0,37,45,162
1537,0,37,43,164
1538,0,37,41,164
1539,0,37,40,164
1540,0,37,39,164
1541,0,37,36,163
1542,0,37,36,163
1543,0,51,33,162
1544,0,51,30,162
1545,0,51,30,162
1550,0,111,19,161
1551,0,111,19,161
1612,149,0,182,22
1630,0,68,13,119
1631,0,57,15,116
1632,0,55,17,115
1633,0,55,20,118
1634,0,53,21,116
1635,0,52,23,117
1636,0,36,25,121
1637,0,32,27,121
1638,0,31,28,122
1639,0,29,31,122
1640,0,28,32,121
1641,0,27,33,122
1642,0,27,35,123
1643,0,26,38,125
1644,0,25,39,142
1645,0,25,41,142
1646,0,25,43,142
1647,0,25,45,142
1648,0,26,47,143
1649,0,26,48,144
1650,0,28,50,145
1651,0,29,52,145
1652,0,30,54,146
1653,0,30,55,146
1654,0,30,56,146
1655,0,30,58,145
1656,0,29,60,144
1657,5,29,62,143
1658,7,28,65,142
1659,9,27,68,141
1660,13,26,71,140
1661,16,26,73,140
1662,18,25,75,139
1663,19,25,77,140
1664,19,26,80,140
1664,36,139,62,165
1665,20,26,82,169
1666,22,28,84,169
1667,23,29,87,170
1668,24,29,89,167
1669,26,30,91,164
1670,27,29,93,164
1671,30,29,95,161
1672,32,28,97,164
1673,36,25,98,166
1674,39,24,100,168
1675,40,22,101,169
1676,46,22,104,159
1677,41,22,106,147
1678,48,21,108,159
1679,44,21,110,146
1680,44,22,113,158
1681,45,22,115,158
1682,46,23,117,159
1683,48,24,119,160
1684,49,26,121,159
1685,57,35,124,157
1686,58,35,126,158
1687,60,37,128,158
1688,63,46,131,158
1689,66,45,133,156
1690,72,45,136,156
1691,78,43,138,142
1692,80,43,142,142
1693,85,43,145,141
1694,86,43,147,141
1695,86,44,150,142
1696,88,44,151,144
1697,90,45,155,147
1698,92,46,158,153
1699,94,34,161,153
1700,96,33,163,162
1701,97,31,164,153
1702,100,30,165,148
1703,101,33,165,156
1704,104,44,171,161
1705,106,43,175,161
1706,108,42,175,144
1707,109,42,174,142
1708,111,41,176,145
1709,113,21,182,147
1710,115,21,183,150
1711,116,21,187,150
1712,132,22,190,150
1713,133,45,188,150
1714,133,46,196,150
1715,132,26,198,149
1716,133,29,198,149
1717,134,31,201,149
1718,135,32,205,149
1719,138,30,209,148
1720,146,28,209,144
1721,147,27,212,148
1722,150,26,217,148
1723,156,25,223,148
1724,159,25,226,148
1725,162,25,227,148
1725,179,157,205,189
1726,165,27,231,148
1727,168,30,233,147
1728,170,27,237,147
1729,173,34,240,154
1730,176,28,243,155
1731,178,27,244,155
1732,181,27,247,154
1733,182,26,250,137
1734,183,27,251,137
1735,186,31,254,147
1736,187,39,255,146
1737,191,38,257,146
1738,192,17,253,146
1739,192,16,256,146
1740,194,16,257,146
1741,196,16,259,147
1742,197,17,262,148
1743,199,18,265,149
1743,247,147,276,186
1744,203,19,269,149
1744,250,145,280,186
1745,204,20,271,149
1745,251,143,280,184
1746,206,20,274,148
1746,252,145,280,185
1747,210,20,278,151
1747,253,146,281,179
1748,213,20,280,151
1748,257,146,282,177
1749,217,21,285,150
1749,259,134,289,177
1750,228,24,287,148
1750,259,134,290,177
1751,225,24,298,146
1752,229,23,301,145
1753,231,14,303,144
1754,234,14,306,143
1754,250,159,283,187
1755,238,14,310,143
1755,257,164,284,191
1756,241,14,312,143
1756,260,144,292,193
1757,244,14,315,145
1757,260,161,300,193
1758,246,21,319,146
1758,260,144,308,193
1759,249,22,319,179
1760,251,23,319,181
1761,254,24,319,178
1762,255,24,319,186
1763,257,25,319,177
1764,261,23,319,181
1765,265,23,319,164
1766,267,22,319,176
1767,269,13,319,146
1768,270,12,319,145
1769,272,11,319,143
1769,292,152,319,193
1770,271,11,319,147
1771,274,11,319,147
1775,288,25,319,149
1776,287,27,319,150
1781,277,30,319,201
1782,276,27,319,201
1783,274,26,319,201
1784,272,25,319,201
1785,270,26,319,201
1786,268,27,319,192
1787,267,28,319,190
1788,265,29,319,191
1789,263,30,319,205
1790,261,30,319,206
1791,259,31,319,200
1792,258,31,319,200
1793,256,31,319,200
1794,254,27,319,200
1795,252,27,319,199
1796,249,27,319,198
1797,246,27,319,200
1798,244,31,319,201
1799,242,33,317,201
1800,240,34,316,201
1801,237,40,314,200
1802,235,27,313,200
1803,232,25,311,200
1804,230,24,309,200
1805,228,23,308,200
1806,226,23,306,200
1807,223,23,305,200
1808,221,23,303,200
1809,219,23,301,200
1810,218,23,299,200
1811,215,24,298,199
1812,213,24,296,199
1813,211,24,294,198
1814,209,25,292,197
1815,208,27,290,198
1816,205,27,288,198
1816,0,122,19,172
1817,203,27,286,197
1817,0,46,16,102
1818,202,27,285,197
1819,200,27,282,197
1820,199,27,280,197
1820,0,43,23,135
1821,198,27,278,197
1821,0,41,25,141
1822,196,31,275,186
1822,0,40,27,147
1823,194,40,273,187
1824,192,40,270,200
1825,0,39,35,143
1825,189,40,268,197
1826,0,39,42,175
1826,187,41,266,197
1827,0,40,40,176
1827,184,41,263,197
1828,0,41,42,174
1828,181,41,261,196
1829,179,40,259,196
1829,0,42,45,153
1830,177,39,256,195
1830,0,42,46,175
1830,282,44,310,71
1831,0,43,47,175
1831,174,43,254,195
1831,281,44,310,71
1832,0,42,52,173
1832,172,43,251,197
1832,281,44,310,71
1833,1,42,52,171
1833,170,43,249,197
1833,280,44,309,70
1834,3,41,53,170
1834,168,43,247,198
1834,280,44,309,71
1835,5,40,52,168
1835,166,43,244,197
1835,274,44,309,71
1836,7,39,53,168
1836,164,43,243,197
1836,273,44,309,71
1837,9,38,54,178
1837,162,42,240,197
1837,273,44,308,71
1838,11,38,57,174
1838,160,42,238,197
1838,273,44,308,71
1839,12,38,59,139
1839,159,42,236,197
1839,273,44,307,71
1839,22,141,53,178
1840,157,32,234,197
1840,14,38,60,168
1840,273,44,306,71
1841,155,32,232,197
1841,16,38,60,138
1841,272,45,306,72
1842,154,32,229,196
1842,18,40,62,141
1842,272,45,305,73
1843,152,33,228,196
1843,19,41,64,140
1843,272,45,304,73
1844,150,33,226,196
1844,22,41,66,142
1844,272,46,303,74
1845,148,34,224,196
1845,24,42,73,161
1845,272,46,303,73
1846,147,32,222,196
1846,27,42,76,176
1846,272,47,302,73
1847,145,31,220,195
1847,29,42,73,141
1847,272,48,301,73
1848,143,31,219,194
1848,32,41,74,141
1849,142,31,217,193
1849,34,40,76,137
1850,140,31,216,194
1850,36,39,80,137
1850,35,139,77,178
1851,139,31,214,194
1851,37,46,83,178
1852,137,31,213,194
1852,39,47,85,142
1853,136,31,211,184
1853,41,40,87,145
1853,52,150,78,178
1854,134,30,210,182
1854,43,36,94,148
1855,134,30,208,183
1855,44,36,98,176
1856,133,30,207,184
1856,45,37,102,177
1857,130,30,205,186
1857,47,38,102,158
1858,128,30,204,193
1858,48,39,103,154
1859,126,30,203,192
1859,49,40,104,151
1860,124,31,202,192
1860,50,40,108,150
1861,123,32,201,191
1861,52,40,114,147
1861,57,151,102,177
1862,121,32,199,191
1862,54,39,115,169
1863,120,33,198,191
1863,57,38,109,178
1864,117,34,197,192
1864,60,38,110,179
1865,116,34,195,193
1865,62,39,114,179
1866,64,35,194,194
1867,67,38,192,194
1868,69,39,191,188
1868,79,144,111,179
1869,71,37,189,188
1870,73,35,187,193
1871,74,32,185,193
1872,76,32,184,193
1873,79,33,182,193
1874,82,33,180,193
1875,84,33,178,192
1876,87,33,176,193
1877,90,34,174,193
1878,92,34,173,189
1879,92,35,171,191
1880,91,36,169,191
1881,90,36,167,190
1882,89,37,166,190
1883,87,37,165,190
1884,86,37,163,190
1885,84,37,161,187
1886,83,37,161,180
1887,82,37,159,179
1888,80,37,165,179
1889,79,37,168,180
1890,78,37,169,182
1891,77,37,168,184
1892,75,37,173,189
1893,74,38,174,189
1894,73,38,175,189
1895,71,39,176,188
1896,69,40,178,188
1897,74,40,178,187
1898,66,41,182,190
1899,73,42,141,190
1899,137,57,183,179
1900,62,48,140,191
1900,139,58,185,167
1901,60,48,137,190
1901,141,59,188,180
1902,58,48,136,190
1902,143,59,200,180
1903,57,47,134,190
1903,146,58,193,136
1903,176,147,201,176
1904,149,46,195,136
1904,55,47,133,190
1904,176,146,203,180
1905,152,45,203,180
1905,54,46,132,190
1906,155,45,201,131
1906,53,46,131,190
1906,148,133,180,175
1906,180,147,204,181
1907,151,35,205,182
1907,51,46,129,190
1908,157,35,208,182
1908,50,45,128,189
1909,162,33,209,182
1909,49,45,126,189
1910,48,32,125,189
1910,165,32,212,183
1911,167,32,214,183
1911,47,33,123,189
1912,46,33,122,189
1912,169,33,218,179
1913,45,33,121,188
1913,171,35,219,112
1913,183,125,212,180
1914,43,34,119,187
1914,173,41,225,116
1914,183,125,215,180
1915,175,33,238,180
1915,42,35,118,187
1916,178,36,237,180
1916,41,52,116,185
1917,180,41,233,180
1917,41,52,115,188
1918,183,41,237,181
1918,40,53,114,188
1919,185,33,239,177
1919,38,52,113,179
1920,186,32,240,184
1920,37,52,112,177
1921,191,31,242,184
1921,36,44,110,176
1922,194,30,244,184
1922,36,52,109,176
1923,196,40,242,184
1923,35,51,108,178
1924,199,34,243,184
1924,34,51,107,180
1925,200,35,246,184
1925,32,51,106,187
1926,202,32,248,184
1926,31,52,105,187
1927,204,28,253,184
1927,29,53,104,186
1928,207,33,256,155
1928,28,53,103,186
1929,210,34,258,150
1929,26,54,102,186
1930,212,44,261,152
1930,25,54,100,185
1931,215,40,264,149
1931,23,54,99,184
1932,219,41,266,146
1932,22,54,98,185
1933,226,39,267,141
1933,0,53,96,187
1934,225,40,269,145
1934,0,54,95,178
1934,255,156,280,186
1935,232,38,272,144
1935,0,53,94,182
1935,256,153,281,186
1936,0,35,92,182
1936,235,36,275,144
1936,256,156,281,187
1937,238,32,277,137
1937,13,34,91,186
1937,256,155,281,187
1938,240,30,279,138
1938,11,34,89,186
1938,257,153,281,187
1939,243,29,285,135
1939,10,33,88,185
1939,257,157,281,187
1940,246,29,288,126
1940,9,33,85,185
1940,254,151,281,187
1941,247,30,292,126
1941,8,33,84,186
1942,250,32,294,126
1942,7,33,83,185
1942,259,152,284,184
1943,251,29,303,125
1943,6,33,81,185
1944,253,31,307,147
1944,0,34,80,185
1944,258,158,282,187
1945,255,33,310,147
1945,0,34,78,183
1945,258,156,304,187
1946,0,35,77,182
1946,257,41,314,152
1946,258,152,307,187
1947,259,32,316,176
1947,0,35,75,180
1947,258,158,283,187
1948,0,36,74,182
1948,259,41,319,186
1949,0,37,72,180
1949,260,41,319,188
1950,267,34,319,136
1950,0,37,71,184
1950,266,150,313,188
1951,269,36,319,120
1951,0,37,69,183
1951,273,149,313,188
1952,272,32,319,119
1952,0,37,68,175
1952,283,135,313,188
1953,275,29,319,114
1953,0,36,66,174
1953,284,148,313,188
1954,276,30,319,128
1954,0,36,65,174
1954,288,149,316,188
1955,279,28,319,129
1955,0,36,63,174
1955,288,148,319,188
1956,0,35,62,175
1956,281,38,319,113
1956,289,150,319,188
1957,284,31,319,113
1957,0,35,60,173
1957,290,153,314,188
1958,0,36,58,182
1958,287,49,319,115
1958,291,157,314,188
1959,0,36,57,181
1959,289,50,319,122
1959,291,157,315,188
1960,0,36,56,181
1960,293,52,319,118
1960,291,156,315,188
1961,0,37,54,182
1961,296,53,319,119
1962,0,37,53,181
1962,299,54,319,132
1962,294,153,318,182
1963,0,37,52,182
1963,302,58,319,122
1964,0,38,50,183
1964,305,63,319,109
1965,0,38,49,184
1966,0,38,48,184
1967,0,37,46,183
1968,0,37,45,173
1969,0,37,43,172
1970,0,37,42,172
1971,0,37,40,172
1972,0,38,39,172
1973,0,52,37,183
1974,0,54,36,182
1975,0,56,34,182
1976,0,58,32,173
1977,0,61,19,124
1977,0,128,31,173
1978,0,63,17,123
1978,0,128,29,173
1979,0,69,16,123
1979,0,128,28,173
1980,0,128,26,173
1981,0,129,25,174
1982,0,129,23,174
1983,0,117,23,174
1984,0,117,24,173
1985,0,117,24,172
1986,0,117,24,172
1987,0,117,24,172
1988,0,117,24,173
1989,0,117,24,173
1990,0,117,24,172
